{"W":[-0.03029091,-0.00342040882,-0.139582321,0.143575028,-0.0249609146,-0.000271929457,0.00113386591,0.08130857,-0.005839272,0.0407418422,-0.00158679159,-4.94506457E-06,0.000199062764],"B":-0.03029091,"Lambda":10.0,"Affine":true}