{"W":[0.104463741,0.010691735,-0.00440568523,0.00266113342,-0.0188193135,-4.1600335E-05,0.000105519161,-0.194871455,-0.8815033,-3.26503229,-2.26206422,5.49777869E-05,0.000420249],"B":0.104463741,"Lambda":0.01,"Affine":true}